education_record_id,resident_id,record_date,education_level,school_name,enrollment_status,attendance_rate,progress_percent,completion_status,notes
1,1,2023-10-01,Vocational,School 8,Enrolled,0.966,37.7,NotStarted,Progress: NotStarted
2,1,2023-11-01,Secondary,School 20,Enrolled,0.693,33.0,InProgress,Progress: InProgress
3,1,2023-12-01,Vocational,School 18,Enrolled,0.744,54.0,InProgress,Progress: InProgress
4,1,2024-01-01,Primary,School 2,Enrolled,0.681,51.2,InProgress,Progress: InProgress
5,1,2024-02-01,Vocational,School 3,Enrolled,0.721,44.2,InProgress,Progress: InProgress
6,1,2024-03-01,Primary,School 2,Enrolled,0.493,52.8,InProgress,Progress: InProgress
7,2,2023-03-01,Secondary,School 4,Enrolled,0.626,66.8,NotStarted,Progress: NotStarted
8,2,2023-04-01,Secondary,School 12,Enrolled,0.758,73.7,InProgress,Progress: InProgress
9,2,2023-05-01,Primary,School 6,Enrolled,0.923,83.2,InProgress,Progress: InProgress
10,2,2023-06-01,Secondary,School 15,Enrolled,0.872,72.9,InProgress,Progress: InProgress
11,2,2023-07-01,Secondary,School 7,Enrolled,0.82,66.0,InProgress,Progress: InProgress
12,2,2023-08-01,CollegePrep,School 10,Enrolled,0.831,89.7,InProgress,Progress: InProgress
13,2,2023-09-01,Primary,School 14,Enrolled,1.0,100.0,InProgress,Progress: InProgress
14,2,2023-10-01,Vocational,School 8,Enrolled,0.894,100.0,InProgress,Progress: InProgress
15,2,2023-11-01,Secondary,School 10,Enrolled,0.768,100.0,InProgress,Progress: InProgress
16,2,2023-12-01,Secondary,School 11,Enrolled,0.851,100.0,InProgress,Progress: InProgress
17,3,2024-05-01,Primary,School 15,Enrolled,0.706,41.6,NotStarted,Progress: NotStarted
18,3,2024-06-01,Vocational,School 18,Enrolled,0.658,48.6,InProgress,Progress: InProgress
19,3,2024-07-01,Secondary,School 12,Enrolled,0.468,50.5,InProgress,Progress: InProgress
20,3,2024-08-01,Secondary,School 8,Enrolled,0.672,64.5,InProgress,Progress: InProgress
21,3,2024-09-01,Vocational,School 13,Enrolled,0.771,70.3,InProgress,Progress: InProgress
22,3,2024-10-01,Secondary,School 5,Enrolled,0.682,63.4,InProgress,Progress: InProgress
23,3,2024-11-01,Primary,School 6,Enrolled,0.81,77.3,InProgress,Progress: InProgress
24,3,2024-12-01,Secondary,School 5,Enrolled,0.731,71.2,InProgress,Progress: InProgress
25,3,2025-01-01,Vocational,School 19,Enrolled,0.859,100.0,InProgress,Progress: InProgress
26,3,2025-02-01,Secondary,School 9,Enrolled,0.894,100.0,Completed,Progress: Completed
27,3,2025-03-01,Secondary,School 17,Enrolled,0.868,100.0,InProgress,Progress: InProgress
28,4,2024-09-01,Secondary,School 1,Enrolled,0.696,69.8,NotStarted,Progress: NotStarted
29,4,2024-10-01,CollegePrep,School 7,Enrolled,0.528,80.8,InProgress,Progress: InProgress
30,4,2024-11-01,Primary,School 19,Enrolled,0.899,100.0,InProgress,Progress: InProgress
31,4,2024-12-01,Secondary,School 13,Enrolled,0.744,100.0,InProgress,Progress: InProgress
32,4,2025-01-01,Primary,School 9,Enrolled,0.744,100.0,InProgress,Progress: InProgress
33,4,2025-02-01,Primary,School 6,Enrolled,0.881,100.0,InProgress,Progress: InProgress
34,4,2025-03-01,Primary,School 13,Enrolled,0.622,100.0,InProgress,Progress: InProgress
35,4,2025-04-01,Primary,School 10,Enrolled,0.784,100.0,InProgress,Progress: InProgress
36,4,2025-05-01,Secondary,School 9,Enrolled,0.92,95.8,InProgress,Progress: InProgress
37,4,2025-06-01,Secondary,School 2,Enrolled,0.636,99.1,InProgress,Progress: InProgress
38,4,2025-07-01,Secondary,School 11,Enrolled,0.88,100.0,Completed,Progress: Completed
39,5,2024-01-01,Secondary,School 16,Enrolled,0.596,28.4,NotStarted,Progress: NotStarted
40,5,2024-02-01,Vocational,School 12,Enrolled,0.555,49.2,InProgress,Progress: InProgress
41,5,2024-03-01,Vocational,School 18,Enrolled,0.676,63.3,InProgress,Progress: InProgress
42,5,2024-04-01,Secondary,School 18,Enrolled,0.752,69.0,InProgress,Progress: InProgress
43,5,2024-05-01,CollegePrep,School 11,Enrolled,0.561,51.0,InProgress,Progress: InProgress
44,5,2024-06-01,Primary,School 3,Enrolled,0.634,64.4,InProgress,Progress: InProgress
45,5,2024-07-01,Vocational,School 6,Enrolled,0.639,72.1,InProgress,Progress: InProgress
46,5,2024-08-01,Secondary,School 1,Enrolled,0.744,74.3,InProgress,Progress: InProgress
47,5,2024-09-01,Primary,School 9,Enrolled,0.856,80.8,InProgress,Progress: InProgress
48,6,2023-08-01,Primary,School 13,Enrolled,0.648,54.3,NotStarted,Progress: NotStarted
49,6,2023-09-01,Vocational,School 18,Enrolled,0.712,69.1,InProgress,Progress: InProgress
50,6,2023-10-01,Vocational,School 6,Enrolled,0.654,80.0,InProgress,Progress: InProgress
51,6,2023-11-01,Primary,School 5,Enrolled,0.752,92.1,InProgress,Progress: InProgress
52,6,2023-12-01,Secondary,School 19,Enrolled,0.691,100.0,InProgress,Progress: InProgress
53,6,2024-01-01,CollegePrep,School 10,Enrolled,0.791,100.0,InProgress,Progress: InProgress
54,6,2024-02-01,Vocational,School 7,Enrolled,0.68,100.0,InProgress,Progress: InProgress
55,6,2024-03-01,Vocational,School 11,Enrolled,0.882,100.0,InProgress,Progress: InProgress
56,6,2024-04-01,Vocational,School 10,Enrolled,0.747,99.9,InProgress,Progress: InProgress
57,6,2024-05-01,Primary,School 5,Enrolled,0.744,100.0,Completed,Progress: Completed
58,6,2024-06-01,Vocational,School 3,Enrolled,0.764,100.0,InProgress,Progress: InProgress
59,7,2024-06-01,Primary,School 3,Enrolled,0.77,53.9,NotStarted,Progress: NotStarted
60,7,2024-07-01,Secondary,School 15,Enrolled,0.866,48.9,InProgress,Progress: InProgress
61,7,2024-08-01,Secondary,School 11,Enrolled,0.472,41.3,InProgress,Progress: InProgress
62,7,2024-09-01,Primary,School 14,Enrolled,0.754,55.1,InProgress,Progress: InProgress
63,7,2024-10-01,Vocational,School 16,Enrolled,0.612,76.2,InProgress,Progress: InProgress
64,7,2024-11-01,Primary,School 9,Enrolled,0.6,70.3,InProgress,Progress: InProgress
65,7,2024-12-01,Secondary,School 10,Enrolled,0.639,72.7,InProgress,Progress: InProgress
66,7,2025-01-01,Secondary,School 15,Enrolled,0.565,88.0,Completed,Progress: Completed
67,7,2025-02-01,Vocational,School 5,Enrolled,0.881,100.0,Completed,Progress: Completed
68,8,2024-02-01,Secondary,School 16,Enrolled,0.807,47.8,NotStarted,Progress: NotStarted
69,8,2024-03-01,Primary,School 12,Enrolled,0.602,52.9,InProgress,Progress: InProgress
70,8,2024-04-01,CollegePrep,School 20,Enrolled,0.677,59.7,InProgress,Progress: InProgress
71,8,2024-05-01,Secondary,School 11,Enrolled,0.925,70.7,InProgress,Progress: InProgress
72,8,2024-06-01,Primary,School 2,Enrolled,0.707,72.8,InProgress,Progress: InProgress
73,8,2024-07-01,Primary,School 18,Enrolled,0.705,71.3,InProgress,Progress: InProgress
74,9,2025-04-01,Vocational,School 8,Enrolled,0.59,3.2,NotStarted,Progress: NotStarted
75,9,2025-05-01,Vocational,School 6,Enrolled,0.505,4.0,InProgress,Progress: InProgress
76,9,2025-06-01,Secondary,School 19,Enrolled,0.449,0.0,InProgress,Progress: InProgress
77,9,2025-07-01,Primary,School 3,Enrolled,0.398,4.6,InProgress,Progress: InProgress
78,9,2025-08-01,Vocational,School 6,Enrolled,0.574,37.5,InProgress,Progress: InProgress
79,9,2025-09-01,Secondary,School 10,Enrolled,0.555,13.0,InProgress,Progress: InProgress
80,9,2025-10-01,Primary,School 17,Enrolled,0.556,28.1,InProgress,Progress: InProgress
81,9,2025-11-01,Secondary,School 5,Enrolled,0.526,38.4,InProgress,Progress: InProgress
82,9,2025-12-01,Vocational,School 14,Enrolled,0.62,44.4,InProgress,Progress: InProgress
83,10,2023-10-01,Primary,School 7,Enrolled,0.554,44.8,NotStarted,Progress: NotStarted
84,10,2023-11-01,CollegePrep,School 14,Enrolled,0.563,34.8,InProgress,Progress: InProgress
85,10,2023-12-01,Primary,School 19,Enrolled,0.499,33.9,InProgress,Progress: InProgress
86,10,2024-01-01,Secondary,School 15,Enrolled,0.483,41.4,InProgress,Progress: InProgress
87,10,2024-02-01,Vocational,School 19,Enrolled,0.69,45.4,InProgress,Progress: InProgress
88,10,2024-03-01,Vocational,School 18,Enrolled,0.668,55.4,InProgress,Progress: InProgress
89,10,2024-04-01,Secondary,School 13,Enrolled,0.696,74.9,InProgress,Progress: InProgress
90,10,2024-05-01,Primary,School 14,Enrolled,0.617,80.0,InProgress,Progress: InProgress
91,11,2023-04-01,Primary,School 15,Enrolled,0.771,41.4,NotStarted,Progress: NotStarted
92,11,2023-05-01,CollegePrep,School 14,Enrolled,0.551,38.0,InProgress,Progress: InProgress
93,11,2023-06-01,Vocational,School 17,Enrolled,0.789,44.7,InProgress,Progress: InProgress
94,11,2023-07-01,Secondary,School 2,Enrolled,0.755,46.8,InProgress,Progress: InProgress
95,11,2023-08-01,Vocational,School 14,Enrolled,0.658,55.6,InProgress,Progress: InProgress
96,11,2023-09-01,Secondary,School 16,Enrolled,0.923,89.9,InProgress,Progress: InProgress
97,11,2023-10-01,Primary,School 17,Enrolled,0.669,100.0,InProgress,Progress: InProgress
98,11,2023-11-01,Vocational,School 14,Enrolled,0.701,100.0,InProgress,Progress: InProgress
99,11,2023-12-01,Primary,School 9,Enrolled,1.0,100.0,InProgress,Progress: InProgress
100,12,2024-06-01,Vocational,School 16,Enrolled,0.384,11.4,NotStarted,Progress: NotStarted
101,12,2024-07-01,Secondary,School 10,Enrolled,0.393,6.9,InProgress,Progress: InProgress
102,12,2024-08-01,Secondary,School 3,Enrolled,0.734,26.0,InProgress,Progress: InProgress
103,12,2024-09-01,Secondary,School 15,Enrolled,0.505,29.7,InProgress,Progress: InProgress
104,12,2024-10-01,Secondary,School 5,Enrolled,0.713,52.9,InProgress,Progress: InProgress
105,12,2024-11-01,Secondary,School 11,Enrolled,0.439,48.4,InProgress,Progress: InProgress
106,12,2024-12-01,Primary,School 10,Enrolled,0.587,58.0,InProgress,Progress: InProgress
107,12,2025-01-01,Secondary,School 14,Enrolled,0.65,72.0,InProgress,Progress: InProgress
108,12,2025-02-01,Primary,School 2,Enrolled,0.938,91.9,InProgress,Progress: InProgress
109,12,2025-03-01,Secondary,School 17,Enrolled,0.571,100.0,InProgress,Progress: InProgress
110,12,2025-04-01,Primary,School 19,Enrolled,0.781,100.0,InProgress,Progress: InProgress
111,12,2025-05-01,Vocational,School 5,Enrolled,0.681,100.0,InProgress,Progress: InProgress
112,13,2023-02-01,Secondary,School 13,Enrolled,0.642,43.6,NotStarted,Progress: NotStarted
113,13,2023-03-01,Primary,School 10,Enrolled,0.602,59.1,InProgress,Progress: InProgress
114,13,2023-04-01,Secondary,School 11,Enrolled,0.714,75.4,InProgress,Progress: InProgress
115,13,2023-05-01,Secondary,School 18,Enrolled,0.8,100.0,InProgress,Progress: InProgress
116,13,2023-06-01,Primary,School 2,Enrolled,0.648,98.6,Completed,Progress: Completed
117,13,2023-07-01,Secondary,School 17,Enrolled,0.83,100.0,InProgress,Progress: InProgress
118,14,2025-01-01,CollegePrep,School 13,Enrolled,0.694,68.2,NotStarted,Progress: NotStarted
119,14,2025-02-01,Primary,School 13,Enrolled,0.786,80.3,InProgress,Progress: InProgress
120,14,2025-03-01,Vocational,School 11,Enrolled,0.885,100.0,InProgress,Progress: InProgress
121,14,2025-04-01,Primary,School 4,Enrolled,0.833,100.0,InProgress,Progress: InProgress
122,14,2025-05-01,Secondary,School 14,Enrolled,0.839,100.0,InProgress,Progress: InProgress
123,14,2025-06-01,Vocational,School 5,Enrolled,0.518,100.0,InProgress,Progress: InProgress
124,14,2025-07-01,Vocational,School 2,Enrolled,0.749,100.0,Completed,Progress: Completed
125,14,2025-08-01,Primary,School 7,Enrolled,0.751,100.0,InProgress,Progress: InProgress
126,15,2024-10-01,Secondary,School 18,Enrolled,0.825,45.1,NotStarted,Progress: NotStarted
127,15,2024-11-01,Vocational,School 9,Enrolled,0.507,58.4,InProgress,Progress: InProgress
128,15,2024-12-01,Secondary,School 15,Enrolled,0.499,69.8,InProgress,Progress: InProgress
129,15,2025-01-01,Secondary,School 10,Enrolled,0.578,77.9,InProgress,Progress: InProgress
130,15,2025-02-01,Secondary,School 10,Enrolled,0.814,82.0,InProgress,Progress: InProgress
131,15,2025-03-01,CollegePrep,School 8,Enrolled,0.777,86.0,InProgress,Progress: InProgress
132,15,2025-04-01,Primary,School 15,Enrolled,0.644,97.1,InProgress,Progress: InProgress
133,15,2025-05-01,CollegePrep,School 12,Enrolled,1.0,100.0,InProgress,Progress: InProgress
134,15,2025-06-01,Primary,School 7,Enrolled,0.699,100.0,InProgress,Progress: InProgress
135,15,2025-07-01,Primary,School 5,Enrolled,0.784,100.0,InProgress,Progress: InProgress
136,15,2025-08-01,Primary,School 16,Enrolled,0.77,100.0,Completed,Progress: Completed
137,15,2025-09-01,Secondary,School 14,Enrolled,0.779,100.0,Completed,Progress: Completed
138,16,2023-06-01,Primary,School 13,Enrolled,0.545,36.9,NotStarted,Progress: NotStarted
139,16,2023-07-01,Secondary,School 14,Enrolled,0.753,60.8,InProgress,Progress: InProgress
140,16,2023-08-01,Primary,School 20,Enrolled,0.558,67.8,InProgress,Progress: InProgress
141,16,2023-09-01,CollegePrep,School 8,Enrolled,0.632,90.0,InProgress,Progress: InProgress
142,16,2023-10-01,Vocational,School 17,Enrolled,0.672,100.0,InProgress,Progress: InProgress
143,16,2023-11-01,CollegePrep,School 3,Enrolled,0.763,100.0,InProgress,Progress: InProgress
144,17,2025-01-01,Secondary,School 11,Enrolled,0.66,54.3,NotStarted,Progress: NotStarted
145,17,2025-02-01,Secondary,School 15,Enrolled,0.612,69.7,InProgress,Progress: InProgress
146,17,2025-03-01,Primary,School 15,Enrolled,0.972,97.6,InProgress,Progress: InProgress
147,17,2025-04-01,Secondary,School 17,Enrolled,0.833,100.0,InProgress,Progress: InProgress
148,17,2025-05-01,Secondary,School 2,Enrolled,0.806,100.0,InProgress,Progress: InProgress
149,17,2025-06-01,Secondary,School 14,Enrolled,0.95,100.0,InProgress,Progress: InProgress
150,17,2025-07-01,Primary,School 2,Enrolled,0.749,100.0,InProgress,Progress: InProgress
151,17,2025-08-01,CollegePrep,School 14,Enrolled,0.878,100.0,InProgress,Progress: InProgress
152,17,2025-09-01,Secondary,School 2,Enrolled,0.712,100.0,Completed,Progress: Completed
153,18,2023-12-01,Vocational,School 1,Enrolled,0.671,60.9,NotStarted,Progress: NotStarted
154,18,2024-01-01,Primary,School 1,Enrolled,0.695,72.1,InProgress,Progress: InProgress
155,18,2024-02-01,Primary,School 13,Enrolled,0.782,85.2,InProgress,Progress: InProgress
156,18,2024-03-01,Secondary,School 20,Enrolled,0.821,89.3,InProgress,Progress: InProgress
157,18,2024-04-01,Vocational,School 4,Enrolled,0.786,84.4,InProgress,Progress: InProgress
158,18,2024-05-01,Secondary,School 13,Enrolled,0.57,100.0,InProgress,Progress: InProgress
159,18,2024-06-01,Secondary,School 1,Enrolled,0.833,100.0,InProgress,Progress: InProgress
160,18,2024-07-01,Secondary,School 16,Enrolled,0.87,100.0,Completed,Progress: Completed
161,19,2024-01-01,Vocational,School 13,Enrolled,0.62,28.5,NotStarted,Progress: NotStarted
162,19,2024-02-01,Vocational,School 5,Enrolled,0.83,29.1,InProgress,Progress: InProgress
163,19,2024-03-01,Secondary,School 8,Enrolled,0.661,49.2,InProgress,Progress: InProgress
164,19,2024-04-01,Secondary,School 3,Enrolled,0.593,55.4,InProgress,Progress: InProgress
165,19,2024-05-01,Secondary,School 15,Enrolled,0.613,70.0,InProgress,Progress: InProgress
166,19,2024-06-01,Primary,School 3,Enrolled,0.925,92.4,Completed,Progress: Completed
167,20,2025-03-01,Vocational,School 17,Enrolled,0.835,56.9,NotStarted,Progress: NotStarted
168,20,2025-04-01,Vocational,School 9,Enrolled,0.594,59.9,InProgress,Progress: InProgress
169,20,2025-05-01,Secondary,School 3,Enrolled,0.628,78.7,InProgress,Progress: InProgress
170,20,2025-06-01,Secondary,School 20,Enrolled,0.687,88.1,InProgress,Progress: InProgress
171,20,2025-07-01,Vocational,School 14,Enrolled,0.69,65.7,InProgress,Progress: InProgress
172,20,2025-08-01,Secondary,School 7,Enrolled,0.681,90.9,InProgress,Progress: InProgress
173,20,2025-09-01,Secondary,School 14,Enrolled,0.606,100.0,InProgress,Progress: InProgress
174,20,2025-10-01,CollegePrep,School 8,Enrolled,0.839,100.0,InProgress,Progress: InProgress
175,20,2025-11-01,Vocational,School 9,Enrolled,0.631,95.1,Completed,Progress: Completed
176,21,2023-10-01,Secondary,School 2,Enrolled,0.541,56.0,NotStarted,Progress: NotStarted
177,21,2023-11-01,Vocational,School 9,Enrolled,0.651,68.2,InProgress,Progress: InProgress
178,21,2023-12-01,CollegePrep,School 17,Enrolled,0.927,94.0,InProgress,Progress: InProgress
179,21,2024-01-01,Vocational,School 3,Enrolled,0.959,100.0,InProgress,Progress: InProgress
180,21,2024-02-01,Secondary,School 10,Enrolled,0.764,98.2,InProgress,Progress: InProgress
181,21,2024-03-01,Vocational,School 4,Enrolled,0.885,100.0,InProgress,Progress: InProgress
182,21,2024-04-01,Primary,School 7,Enrolled,0.852,98.7,InProgress,Progress: InProgress
183,21,2024-05-01,Secondary,School 19,Enrolled,0.782,100.0,Completed,Progress: Completed
184,22,2023-05-01,Primary,School 20,Enrolled,0.745,56.7,NotStarted,Progress: NotStarted
185,22,2023-06-01,Secondary,School 5,Enrolled,0.632,59.4,InProgress,Progress: InProgress
186,22,2023-07-01,Primary,School 5,Enrolled,0.584,62.1,InProgress,Progress: InProgress
187,22,2023-08-01,Secondary,School 4,Enrolled,0.788,77.7,InProgress,Progress: InProgress
188,22,2023-09-01,Primary,School 8,Enrolled,0.675,100.0,InProgress,Progress: InProgress
189,22,2023-10-01,Secondary,School 12,Enrolled,0.867,100.0,InProgress,Progress: InProgress
190,22,2023-11-01,Primary,School 16,Enrolled,0.839,100.0,Completed,Progress: Completed
191,22,2023-12-01,Primary,School 16,Enrolled,0.802,100.0,InProgress,Progress: InProgress
192,23,2023-02-01,Secondary,School 12,Enrolled,0.63,50.0,NotStarted,Progress: NotStarted
193,23,2023-03-01,Primary,School 8,Enrolled,0.697,50.5,InProgress,Progress: InProgress
194,23,2023-04-01,Primary,School 4,Enrolled,0.771,72.1,InProgress,Progress: InProgress
195,23,2023-05-01,Primary,School 10,Enrolled,0.792,88.7,InProgress,Progress: InProgress
196,23,2023-06-01,Primary,School 18,Enrolled,0.843,100.0,InProgress,Progress: InProgress
197,23,2023-07-01,Primary,School 20,Enrolled,0.81,100.0,InProgress,Progress: InProgress
198,23,2023-08-01,Secondary,School 8,Enrolled,0.797,100.0,InProgress,Progress: InProgress
199,23,2023-09-01,Secondary,School 3,Enrolled,0.704,100.0,InProgress,Progress: InProgress
200,23,2023-10-01,Vocational,School 17,Enrolled,0.81,100.0,InProgress,Progress: InProgress
201,23,2023-11-01,Primary,School 20,Enrolled,0.816,100.0,InProgress,Progress: InProgress
202,23,2023-12-01,Primary,School 7,Enrolled,0.664,100.0,Completed,Progress: Completed
203,24,2024-11-01,Secondary,School 3,Enrolled,0.643,53.3,NotStarted,Progress: NotStarted
204,24,2024-12-01,Secondary,School 16,Enrolled,0.64,76.2,InProgress,Progress: InProgress
205,24,2025-01-01,Secondary,School 15,Enrolled,0.865,65.9,InProgress,Progress: InProgress
206,24,2025-02-01,Primary,School 4,Enrolled,0.728,68.5,InProgress,Progress: InProgress
207,24,2025-03-01,CollegePrep,School 4,Enrolled,0.667,94.8,InProgress,Progress: InProgress
208,24,2025-04-01,Secondary,School 9,Enrolled,0.664,88.0,InProgress,Progress: InProgress
209,24,2025-05-01,Secondary,School 20,Enrolled,0.98,95.4,Completed,Progress: Completed
210,25,2023-06-01,Primary,School 18,Enrolled,0.613,47.6,NotStarted,Progress: NotStarted
211,25,2023-07-01,Vocational,School 3,Enrolled,0.649,81.0,InProgress,Progress: InProgress
212,25,2023-08-01,Vocational,School 17,Enrolled,0.717,90.0,InProgress,Progress: InProgress
213,25,2023-09-01,Vocational,School 19,Enrolled,0.838,100.0,InProgress,Progress: InProgress
214,25,2023-10-01,Vocational,School 4,Enrolled,0.719,100.0,InProgress,Progress: InProgress
215,25,2023-11-01,CollegePrep,School 5,Enrolled,0.7,100.0,InProgress,Progress: InProgress
216,25,2023-12-01,Primary,School 19,Enrolled,0.713,100.0,InProgress,Progress: InProgress
217,25,2024-01-01,Secondary,School 13,Enrolled,0.651,100.0,InProgress,Progress: InProgress
218,25,2024-02-01,CollegePrep,School 7,Enrolled,0.962,100.0,InProgress,Progress: InProgress
219,25,2024-03-01,Vocational,School 5,Enrolled,0.574,100.0,InProgress,Progress: InProgress
220,25,2024-04-01,Vocational,School 1,Enrolled,0.85,98.4,InProgress,Progress: InProgress
221,25,2024-05-01,Secondary,School 12,Enrolled,0.726,100.0,Completed,Progress: Completed
222,26,2023-07-01,Secondary,School 13,Enrolled,0.716,55.5,NotStarted,Progress: NotStarted
223,26,2023-08-01,Secondary,School 13,Enrolled,0.716,52.7,InProgress,Progress: InProgress
224,26,2023-09-01,Vocational,School 10,Enrolled,0.771,73.1,InProgress,Progress: InProgress
225,26,2023-10-01,Secondary,School 14,Enrolled,0.726,81.0,InProgress,Progress: InProgress
226,26,2023-11-01,Vocational,School 15,Enrolled,0.832,95.1,InProgress,Progress: InProgress
227,26,2023-12-01,Secondary,School 15,Enrolled,0.744,100.0,InProgress,Progress: InProgress
228,26,2024-01-01,Primary,School 3,Enrolled,0.786,100.0,InProgress,Progress: InProgress
229,26,2024-02-01,CollegePrep,School 11,Enrolled,0.713,100.0,InProgress,Progress: InProgress
230,27,2025-03-01,Primary,School 4,Enrolled,0.572,59.5,NotStarted,Progress: NotStarted
231,27,2025-04-01,Secondary,School 6,Enrolled,0.745,78.8,InProgress,Progress: InProgress
232,27,2025-05-01,CollegePrep,School 15,Enrolled,0.795,97.6,InProgress,Progress: InProgress
233,27,2025-06-01,Primary,School 16,Enrolled,0.854,100.0,InProgress,Progress: InProgress
234,27,2025-07-01,Secondary,School 11,Enrolled,0.867,100.0,InProgress,Progress: InProgress
235,27,2025-08-01,Primary,School 17,Enrolled,0.719,100.0,InProgress,Progress: InProgress
236,27,2025-09-01,CollegePrep,School 17,Enrolled,0.72,100.0,InProgress,Progress: InProgress
237,27,2025-10-01,Primary,School 2,Enrolled,0.886,100.0,InProgress,Progress: InProgress
238,27,2025-11-01,CollegePrep,School 16,Enrolled,0.741,100.0,InProgress,Progress: InProgress
239,27,2025-12-01,Secondary,School 17,Enrolled,0.733,100.0,InProgress,Progress: InProgress
240,28,2023-11-01,CollegePrep,School 16,Enrolled,0.822,81.0,NotStarted,Progress: NotStarted
241,28,2023-12-01,Vocational,School 7,Enrolled,0.923,100.0,InProgress,Progress: InProgress
242,28,2024-01-01,Secondary,School 3,Enrolled,0.797,100.0,InProgress,Progress: InProgress
243,28,2024-02-01,Secondary,School 15,Enrolled,0.654,100.0,InProgress,Progress: InProgress
244,28,2024-03-01,Secondary,School 4,Enrolled,0.574,100.0,InProgress,Progress: InProgress
245,28,2024-04-01,Vocational,School 10,Enrolled,0.902,100.0,InProgress,Progress: InProgress
246,28,2024-05-01,Vocational,School 20,Enrolled,0.714,80.1,InProgress,Progress: InProgress
247,28,2024-06-01,Vocational,School 7,Enrolled,0.74,85.1,InProgress,Progress: InProgress
248,28,2024-07-01,Vocational,School 13,Enrolled,0.569,100.0,InProgress,Progress: InProgress
249,28,2024-08-01,Vocational,School 17,Enrolled,0.761,89.7,InProgress,Progress: InProgress
250,28,2024-09-01,Secondary,School 17,Enrolled,0.634,100.0,Completed,Progress: Completed
251,28,2024-10-01,Vocational,School 5,Enrolled,0.899,100.0,Completed,Progress: Completed
252,29,2023-03-01,Secondary,School 9,Enrolled,0.748,70.6,NotStarted,Progress: NotStarted
253,29,2023-04-01,Vocational,School 12,Enrolled,0.707,76.4,InProgress,Progress: InProgress
254,29,2023-05-01,Secondary,School 9,Enrolled,0.623,99.9,InProgress,Progress: InProgress
255,29,2023-06-01,Primary,School 16,Enrolled,0.898,100.0,InProgress,Progress: InProgress
256,29,2023-07-01,Primary,School 8,Enrolled,0.894,100.0,InProgress,Progress: InProgress
257,29,2023-08-01,Primary,School 8,Enrolled,0.752,100.0,InProgress,Progress: InProgress
258,30,2024-01-01,Primary,School 3,Enrolled,0.714,52.5,NotStarted,Progress: NotStarted
259,30,2024-02-01,Secondary,School 8,Enrolled,0.693,64.3,InProgress,Progress: InProgress
260,30,2024-03-01,Vocational,School 6,Enrolled,0.649,82.7,InProgress,Progress: InProgress
261,30,2024-04-01,Primary,School 2,Enrolled,0.792,100.0,InProgress,Progress: InProgress
262,30,2024-05-01,Secondary,School 17,Enrolled,1.0,100.0,InProgress,Progress: InProgress
263,30,2024-06-01,Vocational,School 16,Enrolled,0.73,100.0,InProgress,Progress: InProgress
264,30,2024-07-01,CollegePrep,School 16,Enrolled,0.779,100.0,InProgress,Progress: InProgress
265,30,2024-08-01,Primary,School 2,Enrolled,0.647,100.0,InProgress,Progress: InProgress
266,30,2024-09-01,Primary,School 6,Enrolled,0.716,100.0,InProgress,Progress: InProgress
267,30,2024-10-01,Vocational,School 16,Enrolled,0.625,100.0,Completed,Progress: Completed
268,30,2024-11-01,Secondary,School 14,Enrolled,0.89,100.0,InProgress,Progress: InProgress
269,31,2023-09-01,CollegePrep,School 11,Enrolled,0.681,36.0,NotStarted,Progress: NotStarted
270,31,2023-10-01,Secondary,School 9,Enrolled,0.584,39.9,InProgress,Progress: InProgress
271,31,2023-11-01,Primary,School 19,Enrolled,0.774,62.0,InProgress,Progress: InProgress
272,31,2023-12-01,Primary,School 9,Enrolled,0.836,74.7,InProgress,Progress: InProgress
273,31,2024-01-01,Secondary,School 11,Enrolled,0.968,100.0,InProgress,Progress: InProgress
274,31,2024-02-01,Secondary,School 3,Enrolled,1.0,100.0,InProgress,Progress: InProgress
275,31,2024-03-01,Vocational,School 12,Enrolled,0.844,100.0,InProgress,Progress: InProgress
276,31,2024-04-01,CollegePrep,School 5,Enrolled,0.566,97.8,Completed,Progress: Completed
277,31,2024-05-01,Secondary,School 4,Enrolled,0.918,100.0,InProgress,Progress: InProgress
278,32,2025-02-01,Secondary,School 20,Enrolled,0.668,48.2,NotStarted,Progress: NotStarted
279,32,2025-03-01,Primary,School 7,Enrolled,0.731,68.4,InProgress,Progress: InProgress
280,32,2025-04-01,Secondary,School 11,Enrolled,0.808,94.1,InProgress,Progress: InProgress
281,32,2025-05-01,Vocational,School 16,Enrolled,0.753,100.0,InProgress,Progress: InProgress
282,32,2025-06-01,Primary,School 12,Enrolled,0.798,100.0,InProgress,Progress: InProgress
283,32,2025-07-01,Vocational,School 10,Enrolled,0.565,91.6,InProgress,Progress: InProgress
284,32,2025-08-01,CollegePrep,School 3,Enrolled,0.952,100.0,InProgress,Progress: InProgress
285,32,2025-09-01,CollegePrep,School 16,Enrolled,0.932,100.0,Completed,Progress: Completed
286,32,2025-10-01,Primary,School 19,Enrolled,0.972,100.0,InProgress,Progress: InProgress
287,33,2024-12-01,Primary,School 4,Enrolled,0.442,25.0,NotStarted,Progress: NotStarted
288,33,2025-01-01,Primary,School 5,Enrolled,0.701,33.3,InProgress,Progress: InProgress
289,33,2025-02-01,Vocational,School 4,Enrolled,0.617,46.3,InProgress,Progress: InProgress
290,33,2025-03-01,Primary,School 17,Enrolled,0.734,61.5,InProgress,Progress: InProgress
291,33,2025-04-01,Secondary,School 4,Enrolled,0.776,66.3,InProgress,Progress: InProgress
292,33,2025-05-01,CollegePrep,School 12,Enrolled,0.766,71.5,InProgress,Progress: InProgress
293,33,2025-06-01,Vocational,School 3,Enrolled,0.644,90.0,InProgress,Progress: InProgress
294,33,2025-07-01,Secondary,School 1,Enrolled,0.824,100.0,InProgress,Progress: InProgress
295,34,2023-07-01,Vocational,School 10,Enrolled,0.746,51.8,NotStarted,Progress: NotStarted
296,34,2023-08-01,Secondary,School 3,Enrolled,0.642,63.1,InProgress,Progress: InProgress
297,34,2023-09-01,Secondary,School 8,Enrolled,0.786,85.6,InProgress,Progress: InProgress
298,34,2023-10-01,Primary,School 3,Enrolled,0.908,100.0,InProgress,Progress: InProgress
299,34,2023-11-01,Vocational,School 13,Enrolled,0.664,100.0,InProgress,Progress: InProgress
300,34,2023-12-01,Primary,School 6,Enrolled,0.703,100.0,InProgress,Progress: InProgress
301,34,2024-01-01,Primary,School 6,Enrolled,0.962,100.0,InProgress,Progress: InProgress
302,34,2024-02-01,Vocational,School 13,Enrolled,0.736,100.0,InProgress,Progress: InProgress
303,34,2024-03-01,Primary,School 8,Enrolled,0.755,100.0,InProgress,Progress: InProgress
304,34,2024-04-01,Primary,School 4,Enrolled,0.758,100.0,Completed,Progress: Completed
305,34,2024-05-01,Secondary,School 9,Enrolled,0.919,100.0,InProgress,Progress: InProgress
306,35,2024-08-01,Primary,School 4,Enrolled,0.813,55.6,NotStarted,Progress: NotStarted
307,35,2024-09-01,Primary,School 6,Enrolled,0.726,80.5,InProgress,Progress: InProgress
308,35,2024-10-01,CollegePrep,School 3,Enrolled,0.753,96.3,InProgress,Progress: InProgress
309,35,2024-11-01,Secondary,School 10,Enrolled,0.883,100.0,InProgress,Progress: InProgress
310,35,2024-12-01,Secondary,School 12,Enrolled,0.842,100.0,InProgress,Progress: InProgress
311,35,2025-01-01,Secondary,School 1,Enrolled,0.981,100.0,InProgress,Progress: InProgress
312,35,2025-02-01,Secondary,School 13,Enrolled,0.964,100.0,InProgress,Progress: InProgress
313,35,2025-03-01,Primary,School 14,Enrolled,0.735,100.0,InProgress,Progress: InProgress
314,35,2025-04-01,CollegePrep,School 1,Enrolled,0.759,100.0,Completed,Progress: Completed
315,35,2025-05-01,Secondary,School 15,Enrolled,0.663,100.0,InProgress,Progress: InProgress
316,36,2023-03-01,Secondary,School 4,Enrolled,0.575,56.3,NotStarted,Progress: NotStarted
317,36,2023-04-01,Primary,School 16,Enrolled,0.874,62.4,InProgress,Progress: InProgress
318,36,2023-05-01,Primary,School 5,Enrolled,0.584,64.5,InProgress,Progress: InProgress
319,36,2023-06-01,CollegePrep,School 19,Enrolled,0.69,90.2,InProgress,Progress: InProgress
320,36,2023-07-01,Primary,School 15,Enrolled,0.784,97.0,InProgress,Progress: InProgress
321,36,2023-08-01,Primary,School 17,Enrolled,0.737,100.0,Completed,Progress: Completed
322,37,2024-01-01,Primary,School 5,Enrolled,0.666,43.8,NotStarted,Progress: NotStarted
323,37,2024-02-01,Vocational,School 11,Enrolled,0.411,47.6,InProgress,Progress: InProgress
324,37,2024-03-01,Primary,School 2,Enrolled,0.562,52.2,InProgress,Progress: InProgress
325,37,2024-04-01,Primary,School 13,Enrolled,0.842,55.4,InProgress,Progress: InProgress
326,37,2024-05-01,Secondary,School 6,Enrolled,0.599,64.4,InProgress,Progress: InProgress
327,37,2024-06-01,Vocational,School 12,Enrolled,0.829,73.8,InProgress,Progress: InProgress
328,37,2024-07-01,Secondary,School 12,Enrolled,0.673,80.0,InProgress,Progress: InProgress
329,37,2024-08-01,CollegePrep,School 20,Enrolled,0.721,77.1,InProgress,Progress: InProgress
330,37,2024-09-01,Secondary,School 10,Enrolled,0.807,75.2,InProgress,Progress: InProgress
331,37,2024-10-01,Secondary,School 10,Enrolled,0.757,70.4,InProgress,Progress: InProgress
332,37,2024-11-01,Primary,School 7,Enrolled,0.667,89.1,InProgress,Progress: InProgress
333,37,2024-12-01,Vocational,School 2,Enrolled,0.776,100.0,Completed,Progress: Completed
334,38,2024-04-01,Primary,School 2,Enrolled,0.585,44.4,NotStarted,Progress: NotStarted
335,38,2024-05-01,Vocational,School 4,Enrolled,0.631,47.3,InProgress,Progress: InProgress
336,38,2024-06-01,Secondary,School 18,Enrolled,0.612,59.4,InProgress,Progress: InProgress
337,38,2024-07-01,Secondary,School 20,Enrolled,0.956,79.5,InProgress,Progress: InProgress
338,38,2024-08-01,Primary,School 8,Enrolled,0.703,90.8,InProgress,Progress: InProgress
339,38,2024-09-01,Secondary,School 20,Enrolled,0.724,100.0,InProgress,Progress: InProgress
340,38,2024-10-01,Primary,School 19,Enrolled,0.879,100.0,InProgress,Progress: InProgress
341,38,2024-11-01,Vocational,School 15,Enrolled,0.93,100.0,InProgress,Progress: InProgress
342,38,2024-12-01,Secondary,School 18,Enrolled,0.838,91.9,Completed,Progress: Completed
343,38,2025-01-01,Secondary,School 18,Enrolled,0.923,97.3,Completed,Progress: Completed
344,39,2024-10-01,Secondary,School 15,Enrolled,0.596,39.8,NotStarted,Progress: NotStarted
345,39,2024-11-01,Primary,School 11,Enrolled,0.693,34.2,InProgress,Progress: InProgress
346,39,2024-12-01,Secondary,School 20,Enrolled,0.654,39.4,InProgress,Progress: InProgress
347,39,2025-01-01,Secondary,School 14,Enrolled,0.671,64.7,InProgress,Progress: InProgress
348,39,2025-02-01,Secondary,School 6,Enrolled,0.693,66.9,InProgress,Progress: InProgress
349,39,2025-03-01,Primary,School 11,Enrolled,0.719,83.9,InProgress,Progress: InProgress
350,39,2025-04-01,Secondary,School 4,Enrolled,0.719,92.5,InProgress,Progress: InProgress
351,39,2025-05-01,Primary,School 20,Enrolled,0.777,96.6,InProgress,Progress: InProgress
352,39,2025-06-01,Secondary,School 19,Enrolled,0.784,99.1,InProgress,Progress: InProgress
353,39,2025-07-01,Primary,School 8,Enrolled,0.772,100.0,InProgress,Progress: InProgress
354,39,2025-08-01,CollegePrep,School 17,Enrolled,0.71,100.0,Completed,Progress: Completed
355,40,2025-03-01,Vocational,School 7,Enrolled,0.551,46.4,NotStarted,Progress: NotStarted
356,40,2025-04-01,Secondary,School 15,Enrolled,0.635,63.8,InProgress,Progress: InProgress
357,40,2025-05-01,Vocational,School 11,Enrolled,0.584,71.6,InProgress,Progress: InProgress
358,40,2025-06-01,Vocational,School 2,Enrolled,0.834,85.0,InProgress,Progress: InProgress
359,40,2025-07-01,Secondary,School 3,Enrolled,0.765,90.4,InProgress,Progress: InProgress
360,40,2025-08-01,Primary,School 20,Enrolled,0.778,89.8,InProgress,Progress: InProgress
361,40,2025-09-01,Vocational,School 7,Enrolled,0.764,95.3,InProgress,Progress: InProgress
362,40,2025-10-01,Secondary,School 6,Enrolled,0.928,100.0,InProgress,Progress: InProgress
363,40,2025-11-01,Secondary,School 14,Enrolled,0.8,84.2,InProgress,Progress: InProgress
364,40,2025-12-01,Primary,School 17,Enrolled,0.832,94.2,InProgress,Progress: InProgress
365,40,2026-01-01,Primary,School 18,Enrolled,0.886,100.0,Completed,Progress: Completed
366,40,2026-02-01,Vocational,School 2,Enrolled,0.729,100.0,InProgress,Progress: InProgress
367,41,2024-04-01,Secondary,School 7,Enrolled,0.839,33.3,NotStarted,Progress: NotStarted
368,41,2024-05-01,CollegePrep,School 18,Enrolled,0.662,45.8,InProgress,Progress: InProgress
369,41,2024-06-01,Vocational,School 12,Enrolled,0.784,68.0,InProgress,Progress: InProgress
370,41,2024-07-01,Primary,School 14,Enrolled,0.868,97.8,InProgress,Progress: InProgress
371,41,2024-08-01,Vocational,School 15,Enrolled,0.859,100.0,InProgress,Progress: InProgress
372,41,2024-09-01,Secondary,School 5,Enrolled,0.894,100.0,InProgress,Progress: InProgress
373,41,2024-10-01,Secondary,School 14,Enrolled,0.885,100.0,Completed,Progress: Completed
374,41,2024-11-01,CollegePrep,School 18,Enrolled,1.0,100.0,InProgress,Progress: InProgress
375,42,2024-12-01,Primary,School 13,Enrolled,0.657,46.8,NotStarted,Progress: NotStarted
376,42,2025-01-01,Primary,School 13,Enrolled,0.48,60.9,InProgress,Progress: InProgress
377,42,2025-02-01,Secondary,School 4,Enrolled,0.861,81.2,InProgress,Progress: InProgress
378,42,2025-03-01,Primary,School 4,Enrolled,0.813,90.6,InProgress,Progress: InProgress
379,42,2025-04-01,Secondary,School 12,Enrolled,0.853,100.0,InProgress,Progress: InProgress
380,42,2025-05-01,Secondary,School 3,Enrolled,0.906,100.0,Completed,Progress: Completed
381,42,2025-06-01,CollegePrep,School 14,Enrolled,0.766,100.0,Completed,Progress: Completed
382,43,2024-07-01,Secondary,School 9,Enrolled,0.68,37.7,NotStarted,Progress: NotStarted
383,43,2024-08-01,Primary,School 3,Enrolled,0.589,51.4,InProgress,Progress: InProgress
384,43,2024-09-01,Secondary,School 2,Enrolled,0.756,76.6,InProgress,Progress: InProgress
385,43,2024-10-01,Secondary,School 2,Enrolled,0.625,83.4,InProgress,Progress: InProgress
386,43,2024-11-01,Secondary,School 19,Enrolled,0.759,100.0,InProgress,Progress: InProgress
387,43,2024-12-01,CollegePrep,School 15,Enrolled,0.675,100.0,InProgress,Progress: InProgress
388,43,2025-01-01,Secondary,School 19,Enrolled,0.928,100.0,Completed,Progress: Completed
389,44,2023-09-01,Primary,School 14,Enrolled,0.577,50.4,NotStarted,Progress: NotStarted
390,44,2023-10-01,Secondary,School 10,Enrolled,0.867,50.7,InProgress,Progress: InProgress
391,44,2023-11-01,CollegePrep,School 3,Enrolled,0.674,38.7,InProgress,Progress: InProgress
392,44,2023-12-01,Primary,School 18,Enrolled,0.67,40.0,InProgress,Progress: InProgress
393,44,2024-01-01,Secondary,School 11,Enrolled,0.761,41.2,InProgress,Progress: InProgress
394,44,2024-02-01,Primary,School 11,Enrolled,0.8,50.5,InProgress,Progress: InProgress
395,44,2024-03-01,Primary,School 13,Enrolled,0.701,51.5,InProgress,Progress: InProgress
396,44,2024-04-01,Secondary,School 19,Enrolled,0.536,56.9,InProgress,Progress: InProgress
397,44,2024-05-01,Primary,School 6,Enrolled,0.759,56.5,InProgress,Progress: InProgress
398,45,2023-02-01,Vocational,School 14,Enrolled,0.671,64.7,NotStarted,Progress: NotStarted
399,45,2023-03-01,Vocational,School 12,Enrolled,0.781,79.4,InProgress,Progress: InProgress
400,45,2023-04-01,Secondary,School 7,Enrolled,0.831,100.0,InProgress,Progress: InProgress
401,45,2023-05-01,CollegePrep,School 17,Enrolled,0.899,100.0,InProgress,Progress: InProgress
402,45,2023-06-01,Secondary,School 2,Enrolled,0.89,100.0,InProgress,Progress: InProgress
403,45,2023-07-01,Primary,School 7,Enrolled,0.778,100.0,InProgress,Progress: InProgress
404,45,2023-08-01,Secondary,School 7,Enrolled,0.777,100.0,InProgress,Progress: InProgress
405,45,2023-09-01,CollegePrep,School 3,Enrolled,0.756,100.0,InProgress,Progress: InProgress
406,45,2023-10-01,Vocational,School 9,Enrolled,0.799,100.0,Completed,Progress: Completed
407,46,2024-01-01,Secondary,School 2,Enrolled,0.586,45.2,NotStarted,Progress: NotStarted
408,46,2024-02-01,Primary,School 16,Enrolled,0.679,59.2,InProgress,Progress: InProgress
409,46,2024-03-01,Vocational,School 18,Enrolled,0.925,79.6,InProgress,Progress: InProgress
410,46,2024-04-01,Vocational,School 6,Enrolled,0.716,82.1,InProgress,Progress: InProgress
411,46,2024-05-01,Primary,School 14,Enrolled,0.625,66.3,InProgress,Progress: InProgress
412,46,2024-06-01,Secondary,School 9,Enrolled,0.931,83.5,InProgress,Progress: InProgress
413,46,2024-07-01,Vocational,School 11,Enrolled,0.759,95.2,Completed,Progress: Completed
414,46,2024-08-01,Secondary,School 12,Enrolled,0.825,96.3,InProgress,Progress: InProgress
415,47,2023-07-01,Primary,School 6,Enrolled,0.667,47.6,NotStarted,Progress: NotStarted
416,47,2023-08-01,Secondary,School 13,Enrolled,0.593,73.9,InProgress,Progress: InProgress
417,47,2023-09-01,Secondary,School 2,Enrolled,0.715,81.6,InProgress,Progress: InProgress
418,47,2023-10-01,Primary,School 17,Enrolled,0.609,80.9,InProgress,Progress: InProgress
419,47,2023-11-01,CollegePrep,School 19,Enrolled,0.828,98.7,InProgress,Progress: InProgress
420,47,2023-12-01,Secondary,School 9,Enrolled,1.0,99.0,InProgress,Progress: InProgress
421,47,2024-01-01,Vocational,School 8,Enrolled,0.778,100.0,InProgress,Progress: InProgress
422,47,2024-02-01,Secondary,School 3,Enrolled,0.753,100.0,Completed,Progress: Completed
423,47,2024-03-01,Vocational,School 13,Enrolled,0.691,100.0,Completed,Progress: Completed
424,48,2024-08-01,Secondary,School 8,Enrolled,0.632,39.6,NotStarted,Progress: NotStarted
425,48,2024-09-01,Secondary,School 9,Enrolled,0.742,54.4,InProgress,Progress: InProgress
426,48,2024-10-01,Primary,School 7,Enrolled,0.599,59.9,InProgress,Progress: InProgress
427,48,2024-11-01,Vocational,School 4,Enrolled,0.78,72.1,InProgress,Progress: InProgress
428,48,2024-12-01,Primary,School 10,Enrolled,0.905,74.9,InProgress,Progress: InProgress
429,48,2025-01-01,Primary,School 16,Enrolled,0.812,95.9,Completed,Progress: Completed
430,48,2025-02-01,Secondary,School 5,Enrolled,0.847,96.5,Completed,Progress: Completed
431,49,2024-05-01,CollegePrep,School 16,Enrolled,0.697,45.3,NotStarted,Progress: NotStarted
432,49,2024-06-01,CollegePrep,School 10,Enrolled,0.581,45.1,InProgress,Progress: InProgress
433,49,2024-07-01,Secondary,School 4,Enrolled,0.689,60.3,InProgress,Progress: InProgress
434,49,2024-08-01,Secondary,School 7,Enrolled,0.867,97.4,InProgress,Progress: InProgress
435,49,2024-09-01,Secondary,School 17,Enrolled,0.821,100.0,InProgress,Progress: InProgress
436,49,2024-10-01,Secondary,School 18,Enrolled,0.852,100.0,InProgress,Progress: InProgress
437,49,2024-11-01,Secondary,School 1,Enrolled,0.725,100.0,InProgress,Progress: InProgress
438,50,2023-01-01,CollegePrep,School 2,Enrolled,0.468,33.9,NotStarted,Progress: NotStarted
439,50,2023-02-01,Secondary,School 8,Enrolled,0.684,45.9,InProgress,Progress: InProgress
440,50,2023-03-01,Primary,School 2,Enrolled,0.718,53.8,InProgress,Progress: InProgress
441,50,2023-04-01,Secondary,School 20,Enrolled,0.629,74.8,InProgress,Progress: InProgress
442,50,2023-05-01,Primary,School 3,Enrolled,0.673,77.4,InProgress,Progress: InProgress
443,50,2023-06-01,Secondary,School 12,Enrolled,0.8,93.0,InProgress,Progress: InProgress
444,50,2023-07-01,Vocational,School 19,Enrolled,0.644,100.0,InProgress,Progress: InProgress
445,50,2023-08-01,Secondary,School 14,Enrolled,0.764,100.0,InProgress,Progress: InProgress
446,50,2023-09-01,Secondary,School 19,Enrolled,0.718,100.0,InProgress,Progress: InProgress
447,50,2023-10-01,Secondary,School 12,Enrolled,0.951,100.0,InProgress,Progress: InProgress
448,50,2023-11-01,Vocational,School 17,Enrolled,0.864,100.0,Completed,Progress: Completed
449,50,2023-12-01,Primary,School 12,Enrolled,0.791,90.9,Completed,Progress: Completed
450,51,2024-04-01,Secondary,School 1,Enrolled,0.58,48.7,NotStarted,Progress: NotStarted
451,51,2024-05-01,Secondary,School 14,Enrolled,0.634,61.6,InProgress,Progress: InProgress
452,51,2024-06-01,Primary,School 16,Enrolled,0.713,71.8,InProgress,Progress: InProgress
453,51,2024-07-01,Primary,School 20,Enrolled,0.804,100.0,InProgress,Progress: InProgress
454,51,2024-08-01,CollegePrep,School 19,Enrolled,1.0,100.0,Completed,Progress: Completed
455,51,2024-09-01,Secondary,School 1,Enrolled,0.869,100.0,Completed,Progress: Completed
456,52,2024-02-01,Vocational,School 3,Enrolled,0.505,33.2,NotStarted,Progress: NotStarted
457,52,2024-03-01,Primary,School 1,Enrolled,0.633,26.9,InProgress,Progress: InProgress
458,52,2024-04-01,CollegePrep,School 9,Enrolled,0.488,20.9,InProgress,Progress: InProgress
459,52,2024-05-01,Secondary,School 4,Enrolled,0.67,27.3,InProgress,Progress: InProgress
460,52,2024-06-01,Primary,School 17,Enrolled,0.612,35.3,InProgress,Progress: InProgress
461,52,2024-07-01,CollegePrep,School 5,Enrolled,0.711,42.9,InProgress,Progress: InProgress
462,52,2024-08-01,Secondary,School 7,Enrolled,0.531,36.4,InProgress,Progress: InProgress
463,53,2023-10-01,Secondary,School 5,Enrolled,0.92,54.8,NotStarted,Progress: NotStarted
464,53,2023-11-01,CollegePrep,School 12,Enrolled,0.732,83.4,InProgress,Progress: InProgress
465,53,2023-12-01,Secondary,School 5,Enrolled,0.927,100.0,InProgress,Progress: InProgress
466,53,2024-01-01,Secondary,School 4,Enrolled,0.807,100.0,InProgress,Progress: InProgress
467,53,2024-02-01,Secondary,School 7,Enrolled,0.968,100.0,InProgress,Progress: InProgress
468,53,2024-03-01,Secondary,School 6,Enrolled,0.762,100.0,InProgress,Progress: InProgress
469,53,2024-04-01,Primary,School 4,Enrolled,0.872,100.0,InProgress,Progress: InProgress
470,53,2024-05-01,Secondary,School 18,Enrolled,0.903,100.0,InProgress,Progress: InProgress
471,53,2024-06-01,Secondary,School 15,Enrolled,0.964,100.0,InProgress,Progress: InProgress
472,53,2024-07-01,Vocational,School 12,Enrolled,0.825,100.0,InProgress,Progress: InProgress
473,53,2024-08-01,CollegePrep,School 5,Enrolled,0.645,100.0,InProgress,Progress: InProgress
474,53,2024-09-01,Vocational,School 18,Enrolled,0.913,100.0,InProgress,Progress: InProgress
475,54,2023-04-01,Secondary,School 1,Enrolled,0.558,51.3,NotStarted,Progress: NotStarted
476,54,2023-05-01,Secondary,School 13,Enrolled,0.871,56.4,InProgress,Progress: InProgress
477,54,2023-06-01,Primary,School 20,Enrolled,0.636,55.1,InProgress,Progress: InProgress
478,54,2023-07-01,Secondary,School 11,Enrolled,0.77,67.0,InProgress,Progress: InProgress
479,54,2023-08-01,Primary,School 15,Enrolled,0.737,80.1,InProgress,Progress: InProgress
480,54,2023-09-01,Primary,School 3,Enrolled,0.62,81.7,InProgress,Progress: InProgress
481,54,2023-10-01,Primary,School 12,Enrolled,0.804,79.7,InProgress,Progress: InProgress
482,54,2023-11-01,CollegePrep,School 19,Enrolled,0.768,85.0,InProgress,Progress: InProgress
483,54,2023-12-01,Secondary,School 9,Enrolled,0.562,82.4,InProgress,Progress: InProgress
484,54,2024-01-01,Primary,School 8,Enrolled,0.816,91.4,InProgress,Progress: InProgress
485,54,2024-02-01,Secondary,School 7,Enrolled,0.654,80.3,InProgress,Progress: InProgress
486,54,2024-03-01,Vocational,School 13,Enrolled,0.729,78.1,InProgress,Progress: InProgress
487,55,2025-04-01,Vocational,School 7,Enrolled,0.585,39.0,NotStarted,Progress: NotStarted
488,55,2025-05-01,Vocational,School 9,Enrolled,0.665,61.6,InProgress,Progress: InProgress
489,55,2025-06-01,Primary,School 9,Enrolled,0.677,65.7,InProgress,Progress: InProgress
490,55,2025-07-01,Primary,School 10,Enrolled,0.65,59.7,InProgress,Progress: InProgress
491,55,2025-08-01,Primary,School 9,Enrolled,0.72,68.1,InProgress,Progress: InProgress
492,55,2025-09-01,CollegePrep,School 9,Enrolled,0.745,74.5,InProgress,Progress: InProgress
493,55,2025-10-01,Vocational,School 13,Enrolled,0.761,98.3,Completed,Progress: Completed
494,56,2024-10-01,Secondary,School 17,Enrolled,0.632,54.6,NotStarted,Progress: NotStarted
495,56,2024-11-01,Primary,School 13,Enrolled,0.657,61.2,InProgress,Progress: InProgress
496,56,2024-12-01,Secondary,School 6,Enrolled,0.765,83.2,InProgress,Progress: InProgress
497,56,2025-01-01,CollegePrep,School 1,Enrolled,0.855,82.8,InProgress,Progress: InProgress
498,56,2025-02-01,Primary,School 11,Enrolled,1.0,100.0,InProgress,Progress: InProgress
499,56,2025-03-01,Vocational,School 1,Enrolled,0.674,100.0,InProgress,Progress: InProgress
500,56,2025-04-01,Secondary,School 2,Enrolled,0.779,100.0,InProgress,Progress: InProgress
501,56,2025-05-01,Vocational,School 4,Enrolled,0.634,100.0,InProgress,Progress: InProgress
502,56,2025-06-01,Secondary,School 10,Enrolled,0.857,100.0,InProgress,Progress: InProgress
503,56,2025-07-01,Vocational,School 18,Enrolled,0.743,100.0,InProgress,Progress: InProgress
504,57,2023-04-01,CollegePrep,School 14,Enrolled,0.615,41.9,NotStarted,Progress: NotStarted
505,57,2023-05-01,Secondary,School 8,Enrolled,0.835,74.1,InProgress,Progress: InProgress
506,57,2023-06-01,Primary,School 11,Enrolled,0.814,95.6,InProgress,Progress: InProgress
507,57,2023-07-01,Vocational,School 10,Enrolled,0.912,100.0,InProgress,Progress: InProgress
508,57,2023-08-01,Secondary,School 7,Enrolled,0.708,100.0,InProgress,Progress: InProgress
509,57,2023-09-01,Secondary,School 18,Enrolled,0.753,100.0,Completed,Progress: Completed
510,57,2023-10-01,Vocational,School 11,Enrolled,0.94,100.0,InProgress,Progress: InProgress
511,58,2025-03-01,Vocational,School 10,Enrolled,0.783,52.9,NotStarted,Progress: NotStarted
512,58,2025-04-01,Primary,School 2,Enrolled,0.561,65.3,InProgress,Progress: InProgress
513,58,2025-05-01,Primary,School 8,Enrolled,0.829,86.0,InProgress,Progress: InProgress
514,58,2025-06-01,CollegePrep,School 2,Enrolled,0.775,79.6,InProgress,Progress: InProgress
515,58,2025-07-01,Secondary,School 20,Enrolled,0.636,81.9,InProgress,Progress: InProgress
516,58,2025-08-01,Secondary,School 10,Enrolled,0.703,86.5,InProgress,Progress: InProgress
517,58,2025-09-01,Secondary,School 19,Enrolled,0.668,96.7,InProgress,Progress: InProgress
518,58,2025-10-01,Secondary,School 1,Enrolled,0.677,100.0,Completed,Progress: Completed
519,58,2025-11-01,Secondary,School 15,Enrolled,0.717,100.0,Completed,Progress: Completed
520,59,2023-06-01,Primary,School 3,Enrolled,0.646,54.1,NotStarted,Progress: NotStarted
521,59,2023-07-01,Vocational,School 16,Enrolled,0.572,64.6,InProgress,Progress: InProgress
522,59,2023-08-01,CollegePrep,School 17,Enrolled,0.797,76.7,InProgress,Progress: InProgress
523,59,2023-09-01,CollegePrep,School 11,Enrolled,0.876,100.0,InProgress,Progress: InProgress
524,59,2023-10-01,Primary,School 17,Enrolled,0.853,100.0,InProgress,Progress: InProgress
525,59,2023-11-01,Primary,School 4,Enrolled,0.777,100.0,InProgress,Progress: InProgress
526,59,2023-12-01,Primary,School 9,Enrolled,0.753,100.0,InProgress,Progress: InProgress
527,59,2024-01-01,Secondary,School 1,Enrolled,0.77,100.0,InProgress,Progress: InProgress
528,59,2024-02-01,CollegePrep,School 19,Enrolled,0.677,100.0,InProgress,Progress: InProgress
529,60,2024-01-01,CollegePrep,School 14,Enrolled,0.643,36.9,NotStarted,Progress: NotStarted
530,60,2024-02-01,Primary,School 20,Enrolled,0.497,57.9,InProgress,Progress: InProgress
531,60,2024-03-01,Vocational,School 18,Enrolled,1.0,67.3,InProgress,Progress: InProgress
532,60,2024-04-01,Primary,School 8,Enrolled,0.582,80.2,InProgress,Progress: InProgress
533,60,2024-05-01,Primary,School 4,Enrolled,0.71,96.6,InProgress,Progress: InProgress
534,60,2024-06-01,Secondary,School 8,Enrolled,0.71,100.0,Completed,Progress: Completed
